{"cameraMode":{"drawMode":0,"name":"Shaded","section":"Shading Mode"},"sceneLighting":false,"audioPlay":false,"sceneViewState":{"showFog":false,"showMaterialUpdate":false,"showSkybox":false,"showFlares":false,"showImageEffects":false,"showParticleSystems":false},"in2DMode":false,"pivot":{"x":2.0495593547821047,"y":-1.0252219438552857,"z":-1.3004934787750245},"rotation":{"x":-0.019405383616685869,"y":0.9794869422912598,"z":-0.16340990364551545,"w":-0.11631645262241364},"size":2.3126652240753176,"orthographic":false}