{"cameraMode":{"drawMode":0,"name":"Shaded","section":"Shading Mode"},"sceneLighting":false,"audioPlay":false,"sceneViewState":{"showFog":false,"showMaterialUpdate":false,"showSkybox":false,"showFlares":false,"showImageEffects":false,"showParticleSystems":false},"in2DMode":false,"pivot":{"x":-0.039999961853027347,"y":5.100125789642334,"z":-7.152557373046875e-7},"rotation":{"x":-0.16504614055156709,"y":0.21181678771972657,"z":-0.03631824627518654,"w":-0.9625880718231201},"size":8.683259010314942,"orthographic":false}